"날짜","현재가","오픈","고가","저가","거래량","변동 %"
"2019년 12월 12일","145.03","143.51","145.82","140.00","12.23M","1.06%"
"2019년 12월 11일","143.51","145.88","146.57","142.53","10.93M","-1.61%"
"2019년 12월 10일","145.86","147.88","148.48","144.49","11.12M","-1.37%"
"2019년 12월 09일","147.88","151.17","151.75","147.02","9.67M","-2.18%"
"2019년 12월 08일","151.17","148.25","152.22","147.09","9.28M","1.95%"
"2019년 12월 07일","148.28","148.88","149.76","147.54","8.11M","-0.41%"
"2019년 12월 06일","148.89","148.70","149.36","147.01","8.77M","0.13%"
"2019년 12월 05일","148.69","145.79","149.08","144.64","9.99M","1.99%"
"2019년 12월 04일","145.79","147.81","151.02","143.95","12.85M","-1.37%"
"2019년 12월 03일","147.82","148.89","149.84","146.56","8.73M","-0.72%"
"2019년 12월 02일","148.89","151.06","151.63","147.49","9.18M","-1.43%"
"2019년 12월 01일","151.04","151.93","152.33","146.26","9.91M","-0.60%"
"2019년 11월 30일","151.95","154.57","155.19","150.45","8.79M","-1.68%"
"2019년 11월 29일","154.55","151.07","157.27","150.64","10.49M","2.30%"
"2019년 11월 28일","151.07","152.71","154.68","149.71","9.66M","-1.07%"
"2019년 11월 27일","152.70","147.60","155.43","141.91","13.34M","3.44%"
"2019년 11월 26일","147.61","145.88","149.81","144.04","10.84M","1.17%"
"2019년 11월 25일","145.90","140.58","151.26","131.78","17.98M","3.72%"
"2019년 11월 24일","140.66","152.46","153.24","139.79","11.39M","-7.74%"
"2019년 11월 23일","152.46","149.79","154.25","146.60","11.84M","1.77%"
"2019년 11월 22일","149.80","161.46","163.06","139.13","21.12M","-7.22%"
"2019년 11월 21일","161.46","174.96","175.91","158.55","13.36M","-7.71%"
"2019년 11월 20일","174.96","176.09","177.42","173.99","8.39M","-0.64%"
"2019년 11월 19일","176.09","178.49","178.70","173.48","9.11M","-1.35%"
"2019년 11월 18일","178.50","184.19","184.33","176.08","9.57M","-3.09%"
"2019년 11월 17일","184.18","182.39","185.97","180.49","8.57M","0.97%"
"2019년 11월 16일","182.42","180.19","183.46","179.53","7.62M","1.24%"
"2019년 11월 15일","180.19","185.24","186.10","178.29","11.86M","-2.73%"
"2019년 11월 14일","185.25","188.36","188.91","183.96","9.57M","-1.65%"
"2019년 11월 13일","188.36","187.00","189.45","185.70","7.77M","0.73%"
"2019년 11월 12일","186.99","185.09","187.44","183.24","9.35M","1.03%"
"2019년 11월 11일","185.09","188.98","190.17","184.32","10.26M","-2.06%"
"2019년 11월 10일","188.99","184.96","191.28","183.55","10.95M","2.18%"
"2019년 11월 09일","184.96","184.02","185.73","182.86","8.31M","0.50%"
"2019년 11월 08일","184.03","186.95","188.35","181.83","11.71M","-1.56%"
"2019년 11월 07일","186.94","191.28","192.27","185.48","11.49M","-2.27%"
"2019년 11월 06일","191.28","188.66","194.11","188.13","11.72M","1.38%"
"2019년 11월 05일","188.67","185.86","191.45","183.12","11.78M","1.51%"
"2019년 11월 04일","185.85","181.72","188.27","180.69","11.89M","2.29%"
"2019년 11월 03일","181.70","183.01","184.51","179.46","10.41M","-0.72%"
"2019년 11월 02일","183.01","183.12","185.18","181.94","8.71M","-0.06%"
"2019년 11월 01일","183.12","182.38","184.28","178.69","10.78M","0.41%"
"2019년 10월 31일","182.37","183.25","185.21","178.24","12.94M","-0.48%"
"2019년 10월 30일","183.25","190.44","191.58","180.58","13.67M","-3.78%"
"2019년 10월 29일","190.45","181.67","192.28","181.67","14.03M","4.83%"
"2019년 10월 28일","181.67","184.06","188.91","180.70","12.75M","-1.29%"
"2019년 10월 27일","184.05","179.61","188.33","176.47","14.54M","2.46%"
"2019년 10월 26일","179.62","181.50","192.54","174.35","19.63M","-1.03%"
"2019년 10월 25일","181.49","160.73","186.24","160.41","16.19M","12.92%"
"2019년 10월 24일","160.73","162.26","163.68","159.40","11.36M","-0.95%"
"2019년 10월 23일","162.28","171.44","171.61","154.42","16.00M","-5.34%"
"2019년 10월 22일","171.42","174.17","175.08","170.82","9.86M","-1.58%"
"2019년 10월 21일","174.18","175.14","177.67","171.91","9.24M","-0.55%"
"2019년 10월 20일","175.14","171.93","176.17","169.56","10.10M","1.88%"
"2019년 10월 19일","171.91","172.79","174.81","170.38","9.89M","-0.52%"
"2019년 10월 18일","172.81","177.31","177.47","169.28","11.27M","-2.54%"
"2019년 10월 17일","177.31","174.52","178.33","172.12","9.45M","1.59%"
"2019년 10월 16일","174.53","180.57","181.08","172.49","12.28M","-3.36%"
"2019년 10월 15일","180.59","186.64","187.67","178.26","11.45M","-3.23%"
"2019년 10월 14일","186.63","181.07","186.99","180.65","9.91M","3.05%"
"2019년 10월 13일","181.11","179.86","184.42","178.89","8.22M","0.69%"
"2019년 10월 12일","179.87","180.60","184.49","178.78","9.85M","-0.40%"
"2019년 10월 11일","180.60","191.11","195.87","179.76","13.31M","-5.49%"
"2019년 10월 10일","191.10","192.65","194.08","187.33","10.42M","-0.80%"
"2019년 10월 09일","192.64","180.74","195.08","179.39","12.43M","6.56%"
"2019년 10월 08일","180.78","179.81","184.57","177.74","10.26M","0.51%"
"2019년 10월 07일","179.87","170.52","182.03","169.13","10.95M","5.46%"
"2019년 10월 06일","170.55","176.44","176.87","168.74","7.97M","-3.33%"
"2019년 10월 05일","176.43","175.65","176.63","172.39","7.30M","0.44%"
"2019년 10월 04일","175.65","174.58","178.43","171.33","8.44M","0.64%"
"2019년 10월 03일","174.54","180.26","180.57","170.65","8.89M","-3.18%"
"2019년 10월 02일","180.27","175.78","180.84","173.97","8.47M","2.56%"
"2019년 10월 01일","175.78","180.36","184.95","174.03","11.88M","-2.54%"
"2019년 09월 30일","180.35","169.28","180.52","165.59","11.93M","6.53%"
"2019년 09월 29일","169.29","173.62","174.43","164.97","9.90M","-2.49%"
"2019년 09월 28일","173.62","173.19","175.15","168.56","10.22M","0.25%"
"2019년 09월 27일","173.19","164.58","175.65","161.32","10.94M","5.24%"
"2019년 09월 26일","164.56","168.93","169.81","153.17","11.97M","-2.58%"
"2019년 09월 25일","168.92","166.29","174.26","162.12","13.88M","1.58%"
"2019년 09월 24일","166.29","201.22","202.97","164.78","19.02M","-17.34%"
"2019년 09월 23일","201.18","211.16","211.76","199.82","9.65M","-4.71%"
"2019년 09월 22일","211.13","215.23","215.64","206.71","9.72M","-1.90%"
"2019년 09월 21일","215.22","218.01","221.17","213.71","8.69M","-1.28%"
"2019년 09월 20일","218.00","220.22","221.27","213.12","9.10M","-1.00%"
"2019년 09월 19일","220.21","210.44","223.35","202.95","12.42M","4.65%"
"2019년 09월 18일","210.43","207.80","216.89","207.69","9.78M","1.28%"
"2019년 09월 17일","207.77","197.33","214.45","195.95","11.69M","5.29%"
"2019년 09월 16일","197.32","189.10","198.82","188.68","10.01M","4.35%"
"2019년 09월 15일","189.10","188.17","190.23","185.92","7.30M","0.50%"
"2019년 09월 14일","188.16","181.06","188.54","180.09","8.63M","3.89%"
"2019년 09월 13일","181.11","180.87","181.53","177.79","7.68M","0.13%"
"2019년 09월 12일","180.87","178.48","182.37","176.85","7.19M","1.35%"
"2019년 09월 11일","178.47","180.05","182.27","174.86","10.66M","-0.88%"
"2019년 09월 10일","180.05","180.64","184.16","177.44","8.27M","-0.33%"
"2019년 09월 09일","180.65","181.45","184.76","176.25","9.64M","-0.44%"
"2019년 09월 08일","181.44","177.76","183.42","177.36","8.34M","2.08%"
"2019년 09월 07일","177.74","169.14","180.63","168.42","9.05M","5.08%"
"2019년 09월 06일","169.15","173.82","177.79","166.16","9.98M","-2.70%"
"2019년 09월 05일","173.83","174.80","175.56","170.54","7.40M","-0.55%"
"2019년 09월 04일","174.79","178.82","180.06","173.85","7.55M","-2.25%"
"2019년 09월 03일","178.81","178.10","182.59","175.37","9.03M","0.39%"
"2019년 09월 02일","178.11","169.72","180.56","169.45","9.27M","4.94%"
"2019년 09월 01일","169.72","171.62","173.22","167.08","7.80M","-1.11%"
"2019년 08월 31일","171.62","168.14","174.43","166.16","7.89M","2.06%"
"2019년 08월 30일","168.16","168.68","170.27","165.38","7.49M","-0.29%"
"2019년 08월 29일","168.66","172.85","173.05","164.04","9.55M","-2.43%"
"2019년 08월 28일","172.85","186.60","187.13","167.57","9.72M","-7.36%"
"2019년 08월 27일","186.58","188.36","188.61","184.26","7.19M","-0.93%"
"2019년 08월 26일","188.34","186.32","193.09","186.02","9.02M","1.09%"
"2019년 08월 25일","186.30","190.16","191.49","182.81","7.58M","-2.02%"
"2019년 08월 24일","190.15","193.42","193.47","186.13","8.38M","-1.70%"
"2019년 08월 23일","193.43","190.29","195.32","175.80","8.56M","1.65%"
"2019년 08월 22일","190.29","187.27","194.42","182.97","9.97M","1.63%"
"2019년 08월 21일","187.24","196.15","196.78","181.29","12.98M","-4.54%"
"2019년 08월 20일","196.14","201.65","201.96","194.55","10.01M","-2.73%"
"2019년 08월 19일","201.64","193.67","202.81","192.33","8.14M","4.11%"
"2019년 08월 18일","193.68","184.83","197.17","182.96","9.11M","4.80%"
"2019년 08월 17일","184.81","184.55","186.12","181.58","8.78M","0.14%"
"2019년 08월 16일","184.55","187.67","188.03","179.35","11.33M","-1.73%"
"2019년 08월 15일","187.80","186.59","189.30","176.08","14.03M","0.66%"
"2019년 08월 14일","186.56","207.68","209.43","183.74","12.46M","-10.17%"
"2019년 08월 13일","207.68","210.48","211.01","106.01","18.29M","-1.32%"
"2019년 08월 12일","210.45","215.84","215.97","209.49","7.94M","-2.49%"
"2019년 08월 11일","215.83","205.92","216.23","205.64","7.63M","4.81%"
"2019년 08월 10일","205.93","209.46","213.53","202.35","8.70M","-1.70%"
"2019년 08월 09일","209.49","220.12","220.49","206.40","9.66M","-4.84%"
"2019년 08월 08일","220.16","224.68","226.11","215.57","7.54M","-2.00%"
"2019년 08월 07일","224.66","225.62","229.22","220.62","7.90M","-0.43%"
"2019년 08월 06일","225.63","232.45","237.47","222.46","9.35M","-2.93%"
"2019년 08월 05일","232.45","220.76","235.00","220.75","9.79M","5.31%"
"2019년 08월 04일","220.72","220.89","222.21","216.31","6.51M","-0.08%"
"2019년 08월 03일","220.89","216.52","223.00","215.52","6.99M","2.01%"
"2019년 08월 02일","216.54","216.37","220.84","213.93","7.56M","0.08%"
"2019년 08월 01일","216.37","217.23","217.55","211.23","7.09M","-0.40%"
"2019년 07월 31일","217.23","208.49","218.19","208.17","7.51M","4.19%"
"2019년 07월 30일","208.49","209.81","212.88","204.54","7.15M","-0.63%"
"2019년 07월 29일","209.82","210.39","214.45","207.37","7.20M","-0.26%"
"2019년 07월 28일","210.37","206.64","212.01","199.68","7.54M","1.81%"
"2019년 07월 27일","206.62","217.80","222.70","203.50","8.55M","-5.15%"
"2019년 07월 26일","217.83","217.65","218.65","212.07","6.96M","0.09%"
"2019년 07월 25일","217.65","215.45","224.05","214.79","8.42M","1.02%"
"2019년 07월 24일","215.44","211.86","217.02","202.30","9.72M","1.69%"
"2019년 07월 23일","211.87","217.27","218.03","208.31","8.70M","-2.49%"
"2019년 07월 22일","217.27","225.03","227.47","212.46","8.60M","-3.44%"
"2019년 07월 21일","225.01","227.83","228.76","217.72","8.50M","-1.25%"
"2019년 07월 20일","227.86","220.11","233.70","219.80","9.12M","3.53%"
"2019년 07월 19일","220.09","225.23","225.68","213.57","9.38M","-2.28%"
"2019년 07월 18일","225.23","210.95","228.42","206.47","12.65M","6.77%"
"2019년 07월 17일","210.95","198.88","219.13","192.91","13.51M","6.07%"
"2019년 07월 16일","198.87","228.49","234.41","193.48","14.52M","-12.96%"
"2019년 07월 15일","228.49","226.56","235.43","204.39","14.59M","0.82%"
"2019년 07월 14일","226.62","269.12","269.62","223.95","11.86M","-15.80%"
"2019년 07월 13일","269.16","274.68","275.04","262.85","7.84M","-2.01%"
"2019년 07월 12일","274.68","268.72","278.33","266.81","7.95M","2.22%"
"2019년 07월 11일","268.72","289.13","289.14","263.08","11.36M","-7.05%"
"2019년 07월 10일","289.10","307.44","313.81","281.53","12.44M","-5.96%"
"2019년 07월 09일","307.41","312.23","317.94","303.38","9.13M","-1.54%"
"2019년 07월 08일","312.23","304.87","313.15","301.60","8.50M","2.41%"
"2019년 07월 07일","304.88","288.11","309.42","285.28","8.43M","5.83%"
"2019년 07월 06일","288.08","287.16","296.06","285.61","7.56M","0.32%"
"2019년 07월 05일","287.15","283.36","293.61","281.92","7.80M","1.31%"
"2019년 07월 04일","283.43","300.51","301.56","281.18","7.26M","-5.70%"
"2019년 07월 03일","300.58","291.48","301.64","289.39","7.90M","3.14%"
"2019년 07월 02일","291.41","294.87","297.00","273.07","10.30M","-1.16%"
"2019년 07월 01일","294.83","292.23","303.00","280.35","9.57M","0.90%"
"2019년 06월 30일","292.21","318.26","323.21","290.78","9.82M","-8.25%"
"2019년 06월 29일","318.48","310.52","324.13","295.44","9.03M","2.55%"
"2019년 06월 28일","310.56","297.73","312.70","295.30","9.93M","4.37%"
"2019년 06월 27일","297.55","338.54","345.83","279.82","16.13M","-12.11%"
"2019년 06월 26일","338.54","317.65","364.89","315.99","15.73M","6.58%"
"2019년 06월 25일","317.65","311.47","318.49","307.75","8.51M","1.99%"
"2019년 06월 24일","311.46","308.51","313.67","297.90","7.10M","0.95%"
"2019년 06월 23일","308.53","310.39","320.79","306.12","8.49M","-0.59%"
"2019년 06월 22일","310.38","294.69","314.00","292.09","10.69M","5.31%"
"2019년 06월 21일","294.72","271.45","295.72","271.45","11.06M","8.58%"
"2019년 06월 20일","271.43","268.26","273.18","264.83","7.04M","1.18%"
"2019년 06월 19일","268.26","264.59","269.79","263.61","6.23M","1.39%"
"2019년 06월 18일","264.59","273.02","273.26","261.76","7.39M","-3.08%"
"2019년 06월 17일","273.00","268.00","274.14","266.96","7.41M","1.87%"
"2019년 06월 16일","267.98","267.74","282.75","263.96","8.66M","0.09%"
"2019년 06월 15일","267.75","262.53","271.61","260.92","6.52M","1.99%"
"2019년 06월 14일","262.53","254.89","268.81","252.01","6.87M","3.01%"
"2019년 06월 13일","254.86","261.38","262.47","254.02","7.30M","-2.55%"
"2019년 06월 12일","261.54","244.38","261.67","242.57","7.89M","7.01%"
"2019년 06월 11일","244.41","246.85","247.77","237.60","6.92M","-0.99%"
"2019년 06월 10일","246.86","231.21","246.99","227.38","8.39M","6.74%"
"2019년 06월 09일","231.27","243.43","244.36","227.00","7.80M","-4.99%"
"2019년 06월 08일","243.42","248.98","250.51","241.09","6.23M","-2.23%"
"2019년 06월 07일","248.98","248.63","253.12","244.33","7.41M","0.18%"
"2019년 06월 06일","248.54","245.81","250.00","236.40","7.72M","1.10%"
"2019년 06월 05일","245.83","241.27","248.24","237.94","8.64M","1.89%"
"2019년 06월 04일","241.26","250.26","251.47","235.35","11.39M","-3.64%"
"2019년 06월 03일","250.37","269.03","269.77","248.77","9.23M","-6.93%"
"2019년 06월 02일","269.01","264.26","272.64","263.59","7.31M","1.78%"
"2019년 06월 01일","264.31","267.94","274.94","261.14","9.06M","-1.37%"
"2019년 05월 31일","267.99","254.57","268.70","246.61","11.63M","5.29%"
"2019년 05월 30일","254.52","268.62","287.99","241.51","15.52M","-5.24%"
"2019년 05월 29일","268.61","271.16","273.72","260.85","22.33M","-0.95%"
"2019년 05월 28일","271.18","270.97","275.39","265.50","9.35M","0.08%"
"2019년 05월 27일","270.98","264.66","279.07","262.96","11.58M","2.38%"
"2019년 05월 26일","264.68","250.69","268.75","245.92","10.06M","5.59%"
"2019년 05월 25일","250.68","249.20","256.90","247.90","8.58M","0.61%"
"2019년 05월 24일","249.17","244.68","254.22","241.74","10.07M","1.83%"
"2019년 05월 23일","244.68","244.35","247.30","231.89","13.07M","0.14%"
"2019년 05월 22일","244.34","253.70","259.70","241.68","10.83M","-3.71%"
"2019년 05월 21일","253.76","250.72","261.59","246.85","10.24M","1.21%"
"2019년 05월 20일","250.72","259.68","259.68","238.64","12.38M","-3.43%"
"2019년 05월 19일","259.63","233.87","263.05","232.85","14.38M","11.01%"
"2019년 05월 18일","233.89","244.38","247.84","232.13","13.93M","-4.32%"
"2019년 05월 17일","244.45","264.68","267.80","224.62","22.54M","-7.65%"
"2019년 05월 16일","264.69","248.14","278.52","244.27","25.14M","6.66%"
"2019년 05월 15일","248.15","217.34","249.78","217.32","18.66M","14.13%"
"2019년 05월 14일","217.42","196.00","220.02","195.22","16.80M","10.92%"
"2019년 05월 13일","196.02","188.09","206.10","185.69","14.80M","4.22%"
"2019년 05월 12일","188.07","192.17","202.93","182.81","18.52M","-2.18%"
"2019년 05월 11일","192.27","172.78","204.72","172.75","20.90M","11.28%"
"2019년 05월 10일","172.77","170.85","175.78","168.86","12.73M","1.13%"
"2019년 05월 09일","170.84","170.76","173.28","167.03","10.03M","0.04%"
"2019년 05월 08일","170.77","169.34","172.68","165.70","9.75M","0.84%"
"2019년 05월 07일","169.34","172.99","181.39","169.06","15.23M","-2.11%"
"2019년 05월 06일","173.00","163.03","176.98","159.66","12.97M","6.11%"
"2019년 05월 05일","163.03","163.67","165.25","159.56","8.54M","-0.39%"
"2019년 05월 04일","163.68","167.87","171.04","160.36","10.23M","-2.49%"
"2019년 05월 03일","167.86","161.66","169.80","160.86","10.23M","3.83%"
"2019년 05월 02일","161.66","160.35","162.88","159.22","8.13M","0.80%"
"2019년 05월 01일","160.38","161.84","163.70","158.85","7.74M","-0.88%"
"2019년 04월 30일","161.80","154.94","162.56","154.94","9.57M","4.44%"
"2019년 04월 29일","154.93","158.30","159.16","152.60","10.69M","-2.11%"
"2019년 04월 28일","158.27","159.43","160.28","157.54","8.28M","-0.71%"
"2019년 04월 27일","159.41","157.96","161.95","156.74","8.51M","0.91%"
"2019년 04월 26일","157.97","155.16","161.82","152.32","11.52M","1.80%"
"2019년 04월 25일","155.18","165.23","165.81","151.73","10.78M","-6.07%"
"2019년 04월 24일","165.22","169.94","170.53","154.87","11.61M","-2.78%"
"2019년 04월 23일","169.95","170.87","175.92","169.01","10.17M","-0.54%"
"2019년 04월 22일","170.87","168.50","172.32","167.07","8.62M","1.39%"
"2019년 04월 21일","168.52","172.89","173.42","164.81","8.78M","-2.43%"
"2019년 04월 20일","172.73","172.79","176.71","170.17","8.19M","-0.04%"
"2019년 04월 19일","172.79","173.34","173.41","169.15","9.26M","-0.31%"
"2019년 04월 18일","173.33","165.91","175.02","165.38","10.16M","4.48%"
"2019년 04월 17일","165.90","165.61","167.21","164.26","7.56M","0.16%"
"2019년 04월 16일","165.65","160.16","166.64","159.52","7.66M","3.42%"
"2019년 04월 15일","160.17","167.30","168.63","153.65","7.71M","-4.25%"
"2019년 04월 14일","167.29","163.19","168.18","161.52","5.89M","2.51%"
"2019년 04월 13일","163.19","163.46","165.27","161.34","5.52M","-0.17%"
"2019년 04월 12일","163.47","164.37","166.08","158.93","7.12M","-0.54%"
"2019년 04월 11일","164.36","177.39","177.63","159.60","11.11M","-7.33%"
"2019년 04월 10일","177.37","175.09","183.49","171.61","12.10M","1.30%"
"2019년 04월 09일","175.09","179.16","179.24","172.15","10.82M","-2.27%"
"2019년 04월 08일","179.16","174.32","185.54","171.87","14.83M","2.77%"
"2019년 04월 07일","174.33","165.58","175.37","164.17","9.88M","5.30%"
"2019년 04월 06일","165.55","164.93","172.53","160.22","10.37M","0.37%"
"2019년 04월 05일","164.93","157.43","167.34","156.42","10.06M","4.77%"
"2019년 04월 04일","157.43","160.34","164.33","153.26","13.55M","-1.81%"
"2019년 04월 03일","160.34","163.47","177.29","152.24","47.66M","-1.92%"
"2019년 04월 02일","163.47","141.50","165.42","141.29","36.03M","15.53%"
"2019년 04월 01일","141.50","141.77","143.28","140.26","11.85M","-0.20%"
"2019년 03월 31일","141.79","142.65","142.69","140.71","9.33M","-0.60%"
"2019년 03월 30일","142.65","143.38","145.85","140.43","12.81M","-0.51%"
"2019년 03월 29일","143.38","138.17","143.53","138.13","12.09M","3.79%"
"2019년 03월 28일","138.15","139.63","140.33","137.68","9.52M","-1.08%"
"2019년 03월 27일","139.65","134.37","140.08","133.89","15.47M","3.93%"
"2019년 03월 26일","134.37","134.25","134.99","132.61","9.47M","0.08%"
"2019년 03월 25일","134.25","136.44","137.05","132.36","11.49M","-1.60%"
"2019년 03월 24일","136.44","137.53","137.53","135.50","9.66M","-0.79%"
"2019년 03월 23일","137.53","136.42","138.30","135.76","9.16M","0.81%"
"2019년 03월 22일","136.42","135.11","137.44","134.65","10.18M","0.97%"
"2019년 03월 21일","135.11","139.32","139.74","133.05","12.95M","-3.02%"
"2019년 03월 20일","139.31","138.72","139.75","136.56","10.46M","0.42%"
"2019년 03월 19일","138.72","137.92","139.50","137.10","10.84M","0.58%"
"2019년 03월 18일","137.92","138.91","141.87","136.86","12.87M","-0.71%"
"2019년 03월 17일","138.91","141.15","141.17","137.61","9.79M","-1.59%"
"2019년 03월 16일","141.15","136.77","143.95","136.75","16.89M","3.21%"
"2019년 03월 15일","136.75","132.44","137.68","132.44","12.55M","3.25%"
"2019년 03월 14일","132.45","131.97","134.82","130.48","9.79M","0.36%"
"2019년 03월 13일","131.97","133.81","133.84","131.20","9.59M","-1.37%"
"2019년 03월 12일","133.80","132.99","134.93","129.14","13.03M","0.61%"
"2019년 03월 11일","132.99","135.72","136.23","131.66","11.17M","-2.01%"
"2019년 03월 10일","135.72","137.52","137.75","134.53","9.21M","-1.31%"
"2019년 03월 09일","137.52","133.84","138.57","133.38","10.79M","2.74%"
"2019년 03월 08일","133.85","136.93","139.45","131.66","12.38M","-2.25%"
"2019년 03월 07일","136.93","137.62","139.98","135.72","13.29M","-0.50%"
"2019년 03월 06일","137.62","136.82","149.49","133.94","14.70M","0.58%"
"2019년 03월 05일","136.82","125.97","141.11","125.44","16.74M","8.61%"
"2019년 03월 04일","125.97","131.02","131.57","123.25","14.11M","-3.85%"
"2019년 03월 03일","131.01","132.77","168.42","129.05","10.64M","-1.32%"
"2019년 03월 02일","132.76","135.72","136.36","130.74","11.29M","-2.18%"
"2019년 03월 01일","135.72","135.47","138.06","128.46","9.73M","0.18%"
"2019년 02월 28일","135.47","135.20","138.56","133.09","16.08M","0.20%"
"2019년 02월 27일","135.20","136.66","159.60","128.15","16.11M","-1.08%"
"2019년 02월 26일","136.67","138.26","138.66","134.48","11.75M","-1.15%"
"2019년 02월 25일","138.27","132.94","141.57","132.85","10.55M","4.02%"
"2019년 02월 24일","132.93","158.31","165.79","132.87","14.30M","-16.03%"
"2019년 02월 23일","158.30","147.97","159.31","146.28","8.31M","6.99%"
"2019년 02월 22일","147.97","145.79","148.83","144.27","6.79M","1.50%"
"2019년 02월 21일","145.78","149.01","149.55","143.50","7.21M","-2.23%"
"2019년 02월 20일","149.11","144.02","149.46","140.88","8.61M","3.54%"
"2019년 02월 19일","144.01","145.79","149.84","143.80","9.90M","-1.22%"
"2019년 02월 18일","145.80","133.79","147.64","125.07","11.93M","8.98%"
"2019년 02월 17일","133.79","122.88","135.27","122.78","8.67M","8.89%"
"2019년 02월 16일","122.87","121.72","124.50","121.71","5.33M","0.94%"
"2019년 02월 15일","121.73","120.97","124.00","120.87","5.69M","0.63%"
"2019년 02월 14일","120.97","122.21","124.46","120.44","5.81M","-1.02%"
"2019년 02월 13일","122.22","122.66","126.17","121.06","6.17M","-0.35%"
"2019년 02월 12일","122.64","121.32","123.99","119.28","5.74M","1.10%"
"2019년 02월 11일","121.30","124.94","125.05","119.55","6.13M","-2.89%"
"2019년 02월 10일","124.92","119.44","125.46","116.42","6.32M","4.59%"
"2019년 02월 09일","119.44","119.27","121.09","117.96","5.21M","0.17%"
"2019년 02월 08일","119.23","104.55","122.58","103.89","9.19M","14.05%"
"2019년 02월 07일","104.55","104.63","106.12","104.29","5.05M","-0.08%"
"2019년 02월 06일","104.63","107.37","107.67","102.28","6.15M","-2.55%"
"2019년 02월 05일","107.37","107.91","108.32","106.60","4.67M","-0.50%"
"2019년 02월 04일","107.90","107.63","109.24","106.95","5.02M","0.27%"
"2019년 02월 03일","107.62","110.67","111.25","106.36","5.01M","-2.77%"
"2019년 02월 02일","110.68","106.99","111.16","106.29","4.23M","3.46%"
"2019년 02월 01일","106.98","106.74","108.54","104.41","4.98M","0.26%"
"2019년 01월 31일","106.71","108.51","110.56","105.86","5.11M","-1.66%"
"2019년 01월 30일","108.52","104.76","109.67","103.82","5.95M","3.55%"
"2019년 01월 29일","104.79","105.82","107.32","102.89","5.41M","-0.98%"
"2019년 01월 28일","105.82","112.50","113.14","101.60","7.45M","-5.94%"
"2019년 01월 27일","112.50","115.83","116.24","112.03","4.65M","-2.88%"
"2019년 01월 26일","115.83","115.50","117.63","115.37","3.48M","0.29%"
"2019년 01월 25일","115.50","116.70","117.41","115.03","4.75M","-1.03%"
"2019년 01월 24일","116.71","116.84","117.32","114.93","4.38M","-0.11%"
"2019년 01월 23일","116.84","118.23","119.01","115.52","4.35M","-1.18%"
"2019년 01월 22일","118.23","116.05","119.47","112.36","5.11M","1.88%"
"2019년 01월 21일","116.05","117.52","118.04","114.15","4.80M","-1.25%"
"2019년 01월 20일","117.52","123.00","123.52","116.25","3.93M","-4.47%"
"2019년 01월 19일","123.02","119.34","125.37","119.34","3.36M","3.09%"
"2019년 01월 18일","119.34","122.02","122.19","118.27","2.59M","-2.20%"
"2019년 01월 17일","122.03","121.71","123.03","117.51","3.61M","0.25%"
"2019년 01월 16일","121.72","119.59","126.50","119.10","3.83M","1.75%"
"2019년 01월 15일","119.62","127.55","129.60","116.90","4.31M","-6.20%"
"2019년 01월 14일","127.53","114.65","130.30","114.62","3.86M","11.24%"
"2019년 01월 13일","114.64","123.75","124.09","112.79","2.98M","-7.36%"
"2019년 01월 12일","123.75","125.15","126.15","122.73","2.21M","-1.11%"
"2019년 01월 11일","125.15","125.61","127.83","121.28","3.77M","-0.39%"
"2019년 01월 10일","125.63","148.78","150.09","121.98","6.48M","-15.56%"
"2019년 01월 09일","148.79","148.41","152.57","147.95","2.34M","0.26%"
"2019년 01월 08일","148.41","149.96","152.21","146.29","3.04M","-1.03%"
"2019년 01월 07일","149.96","154.96","156.36","148.47","2.88M","-3.23%"
"2019년 01월 06일","154.96","153.48","158.29","148.63","4.23M","0.96%"
"2019년 01월 05일","153.49","152.87","159.78","152.84","4.85M","0.41%"
"2019년 01월 04일","152.86","146.94","155.40","145.29","4.92M","4.03%"
"2019년 01월 03일","146.94","152.96","154.30","144.39","4.02M","-3.93%"
"2019년 01월 02일","152.95","139.58","155.93","138.74","5.51M","9.56%"
"2019년 01월 01일","139.61","131.90","140.51","130.67","3.05M","5.84%"
"2018년 12월 31일","131.90","138.45","138.72","129.61","3.23M","-4.73%"
"2018년 12월 30일","138.45","133.64","139.76","129.51","4.35M","3.57%"
"2018년 12월 29일","133.67","136.59","146.02","130.71","5.92M","-2.15%"
"2018년 12월 28일","136.61","114.57","137.22","113.14","5.94M","19.25%"
"2018년 12월 27일","114.56","130.06","131.51","112.59","4.83M","-11.92%"
"2018년 12월 26일","130.06","128.39","136.13","123.39","5.11M","1.30%"
"2018년 12월 25일","128.39","139.06","139.74","122.14","7.04M","-7.79%"
"2018년 12월 24일","139.23","129.60","158.27","129.48","9.39M","7.43%"
"2018년 12월 23일","129.60","115.85","132.46","115.79","6.66M","11.88%"
"2018년 12월 22일","115.84","108.18","115.87","105.97","3.30M","7.07%"
"2018년 12월 21일","108.18","114.60","118.67","105.59","5.18M","-5.61%"
"2018년 12월 20일","114.61","99.36","116.35","98.63","6.34M","15.35%"
"2018년 12월 19일","99.37","100.68","107.89","98.57","5.58M","-1.28%"
"2018년 12월 18일","100.66","94.37","101.33","91.96","4.66M","6.66%"
"2018년 12월 17일","94.37","84.72","96.99","84.61","5.37M","11.40%"
"2018년 12월 16일","84.72","83.90","87.62","83.89","3.61M","0.97%"
"2018년 12월 15일","83.90","83.81","85.07","81.97","3.04M","0.11%"
"2018년 12월 14일","83.81","86.31","87.00","82.28","3.84M","-2.90%"
"2018년 12월 13일","86.31","89.62","90.72","84.83","3.94M","-3.69%"
"2018년 12월 12일","89.62","87.72","91.33","87.19","3.46M","1.46%"
"2018년 12월 11일","88.32","90.18","91.94","86.25","4.38M","-2.05%"
"2018년 12월 10일","90.17","93.62","95.30","88.68","4.15M","-3.68%"
"2018년 12월 09일","93.62","90.56","98.76","88.82","4.88M","3.37%"
"2018년 12월 08일","90.57","93.28","97.98","84.75","5.68M","-2.90%"
"2018년 12월 07일","93.27","90.85","96.99","77.65","7.73M","2.65%"
"2018년 12월 06일","90.86","102.36","104.42","90.57","5.06M","-11.21%"
"2018년 12월 05일","102.33","110.14","110.70","102.24","3.04M","-7.04%"
"2018년 12월 04일","110.09","108.66","113.16","106.13","2.48M","1.31%"
"2018년 12월 03일","108.66","116.40","127.08","106.79","2.66M","-6.65%"
"2018년 12월 02일","116.41","118.23","120.71","116.08","2.10M","-1.54%"
"2018년 12월 01일","118.23","113.76","120.45","111.62","2.87M","3.91%"
"2018년 11월 30일","113.77","117.86","119.80","111.73","4.27M","-3.46%"
"2018년 11월 29일","117.85","122.75","123.77","114.81","4.00M","-3.99%"
"2018년 11월 28일","122.74","111.19","126.60","111.19","5.41M","10.40%"
"2018년 11월 27일","111.18","110.08","113.67","102.84","5.42M","1.00%"
"2018년 11월 26일","110.08","118.03","120.56","106.44","5.09M","-6.75%"
"2018년 11월 25일","118.04","114.42","121.10","102.80","6.74M","3.15%"
"2018년 11월 24일","114.43","124.63","129.34","111.79","3.81M","-8.19%"
"2018년 11월 23일","124.64","126.17","128.08","119.76","4.47M","-1.17%"
"2018년 11월 22일","126.12","137.75","139.74","125.93","2.92M","-8.42%"
"2018년 11월 21일","137.72","132.90","140.86","126.84","5.12M","3.61%"
"2018년 11월 20일","132.92","150.27","153.55","127.30","7.69M","-11.46%"
"2018년 11월 19일","150.12","178.76","178.93","146.86","5.23M","-15.97%"
"2018년 11월 18일","178.65","176.53","182.07","176.06","1.59M","1.20%"
"2018년 11월 17일","176.53","176.99","177.93","174.94","44.19M","-0.27%"
"2018년 11월 16일","177.01","184.10","184.88","175.29","43.39M","-3.85%"
"2018년 11월 15일","184.10","187.51","189.79","171.99","69.51M","-1.79%"
"2018년 11월 14일","187.46","210.44","210.59","177.34","45.72M","-10.92%"
"2018년 11월 13일","210.44","212.79","213.88","209.40","27.77M","-1.10%"
"2018년 11월 12일","212.79","213.10","214.95","211.54","17.81M","-0.18%"
"2018년 11월 11일","213.18","213.19","214.22","209.51","48.66M","-0.01%"
"2018년 11월 10일","213.21","211.39","215.47","210.61","10.44M","0.86%"
"2018년 11월 09일","211.39","212.87","215.26","209.23","3.47M","-0.70%"
"2018년 11월 08일","212.87","218.80","220.53","212.79","23.56M","-2.71%"
"2018년 11월 07일","218.80","220.22","224.64","217.16","15.96M","-0.65%"
"2018년 11월 06일","220.22","210.67","221.32","209.15","33.87M","4.54%"
"2018년 11월 05일","210.67","211.86","212.42","207.82","77.47M","-0.56%"
"2018년 11월 04일","211.86","200.27","218.35","199.38","54.20M","5.81%"
"2018년 11월 03일","200.23","202.67","203.16","199.63","8.62M","-1.20%"
"2018년 11월 02일","202.66","198.17","203.75","198.13","7.26M","2.27%"
"2018년 11월 01일","198.17","198.59","199.79","197.84","12.55M","-0.21%"
"2018년 10월 31일","198.59","197.27","201.89","193.00","19.69M","0.61%"
"2018년 10월 30일","197.39","196.83","198.96","195.28","22.41M","0.17%"
"2018년 10월 29일","197.05","204.84","205.79","195.03","17.76M","-3.87%"
"2018년 10월 28일","204.99","204.36","205.52","203.05","9.11M","0.31%"
"2018년 10월 27일","204.36","204.78","206.22","203.06","9.76M","-0.11%"
"2018년 10월 26일","204.58","204.08","208.94","203.19","13.99M","0.23%"
"2018년 10월 25일","204.11","205.12","206.12","202.99","15.68M","-0.49%"
"2018년 10월 24일","205.12","205.68","207.86","205.00","18.18M","-0.27%"
"2018년 10월 23일","205.68","207.03","207.95","202.99","19.71M","-0.53%"
"2018년 10월 22일","206.77","207.38","209.39","205.50","27.13M","-0.29%"
"2018년 10월 21일","207.37","207.76","211.65","207.04","14.65M","-0.32%"
"2018년 10월 20일","208.04","205.12","209.37","203.65","12.48M","1.50%"
"2018년 10월 19일","204.97","206.60","208.74","204.02","26.32M","-0.78%"
"2018년 10월 18일","206.58","213.16","215.23","203.95","16.21M","-3.22%"
"2018년 10월 17일","213.46","215.06","216.60","210.10","16.84M","-0.74%"
"2018년 10월 16일","215.06","214.27","218.71","211.37","20.24M","0.37%"
"2018년 10월 15일","214.26","197.09","235.83","195.40","41.35M","8.72%"
"2018년 10월 14일","197.08","201.22","207.53","195.51","12.89M","-2.06%"
"2018년 10월 13일","201.22","196.67","206.13","196.41","976.30K","2.30%"
"2018년 10월 12일","196.70","190.89","202.90","190.89","1.69M","3.04%"
"2018년 10월 11일","190.89","226.33","226.36","188.65","3.50M","-15.65%"
"2018년 10월 10일","226.30","228.28","231.32","224.74","1.07M","-0.85%"
"2018년 10월 09일","228.25","229.83","232.66","226.81","945.43K","-0.69%"
"2018년 10월 08일","229.84","226.11","231.66","224.79","1.30M","1.65%"
"2018년 10월 07일","226.11","225.19","227.44","222.00","1.47M","0.41%"
"2018년 10월 06일","225.18","228.34","228.69","223.01","8.20M","-1.38%"
"2018년 10월 05일","228.34","222.33","231.88","220.00","7.63M","2.59%"
"2018년 10월 04일","222.57","220.48","227.14","219.75","7.83M","0.93%"
"2018년 10월 03일","220.51","225.84","227.15","216.44","8.47M","-2.36%"
"2018년 10월 02일","225.84","231.77","232.97","223.75","8.17M","-2.56%"
"2018년 10월 01일","231.77","232.80","235.95","225.33","8.31M","-0.44%"
"2018년 09월 30일","232.80","231.90","238.64","227.01","8.74M","0.40%"
"2018년 09월 29일","231.87","221.95","237.45","215.15","8.90M","4.55%"
"2018년 09월 28일","221.77","229.18","234.14","215.39","7.34M","-3.22%"
"2018년 09월 27일","229.15","214.46","232.60","211.31","7.37M","6.91%"
"2018년 09월 26일","214.35","219.14","222.41","208.91","6.37M","-2.14%"
"2018년 09월 25일","219.04","228.02","228.59","204.84","5.78M","-3.93%"
"2018년 09월 24일","228.01","244.67","246.87","225.73","4.54M","-6.81%"
"2018년 09월 23일","244.67","240.82","249.02","238.14","4.03M","1.60%"
"2018년 09월 22일","240.82","247.92","254.36","233.46","5.16M","-2.86%"
"2018년 09월 21일","247.92","224.43","250.74","222.05","6.76M","10.47%"
"2018년 09월 20일","224.42","209.74","225.48","207.78","4.47M","7.00%"
"2018년 09월 19일","209.74","209.02","214.91","199.19","5.68M","0.34%"
"2018년 09월 18일","209.03","196.17","213.93","195.24","5.32M","6.52%"
"2018년 09월 17일","196.24","220.20","224.48","192.87","7.49M","-10.88%"
"2018년 09월 16일","220.20","221.94","223.14","208.61","4.64M","-0.79%"
"2018년 09월 15일","221.94","209.88","259.37","209.06","5.53M","5.70%"
"2018년 09월 14일","209.98","210.98","224.60","203.16","7.71M","-0.48%"
"2018년 09월 13일","211.00","183.11","214.57","183.11","7.46M","15.31%"
"2018년 09월 12일","182.98","185.07","186.57","169.08","5.83M","-1.13%"
"2018년 09월 11일","185.07","197.05","200.42","177.29","5.15M","-6.08%"
"2018년 09월 10일","197.04","195.81","203.64","187.35","4.38M","0.63%"
"2018년 09월 09일","195.80","196.69","208.23","187.26","5.47M","-0.50%"
"2018년 09월 08일","196.79","215.51","220.85","191.16","4.47M","-8.72%"
"2018년 09월 07일","215.60","229.58","234.49","214.84","4.51M","-6.10%"
"2018년 09월 06일","229.60","228.76","232.66","212.90","5.81M","0.37%"
"2018년 09월 05일","228.77","285.17","288.01","227.76","6.21M","-19.78%"
"2018년 09월 04일","285.17","288.98","292.60","283.40","5.02M","-1.29%"
"2018년 09월 03일","288.92","295.05","296.76","285.95","5.35M","-2.08%"
"2018년 09월 02일","295.05","295.32","299.38","289.45","5.85M","-0.09%"
"2018년 09월 01일","295.31","281.94","301.92","281.76","4.53M","4.74%"
"2018년 08월 31일","281.94","283.97","284.85","277.13","4.66M","-0.72%"
"2018년 08월 30일","283.97","288.41","290.91","272.85","4.99M","-1.54%"
"2018년 08월 29일","288.42","295.61","297.11","284.45","4.84M","-2.44%"
"2018년 08월 28일","295.62","286.57","297.86","282.57","4.71M","3.16%"
"2018년 08월 27일","286.57","274.46","286.57","271.90","4.89M","4.41%"
"2018년 08월 26일","274.46","277.61","281.34","269.75","4.14M","-1.14%"
"2018년 08월 25일","277.61","281.29","282.74","276.53","4.05M","-1.31%"
"2018년 08월 24일","281.29","276.12","282.71","270.91","4.90M","1.87%"
"2018년 08월 23일","276.12","269.84","279.19","268.94","3.94M","2.33%"
"2018년 08월 22일","269.84","280.90","298.20","266.40","5.03M","-3.94%"
"2018년 08월 21일","280.90","271.90","282.77","270.26","2.97M","3.62%"
"2018년 08월 20일","271.08","299.33","303.74","270.17","3.88M","-9.44%"
"2018년 08월 19일","299.33","293.90","306.30","289.50","3.54M","1.85%"
"2018년 08월 18일","293.89","316.91","320.81","282.76","4.31M","-7.26%"
"2018년 08월 17일","316.90","286.76","316.90","285.78","4.75M","10.51%"
"2018년 08월 16일","286.76","281.12","298.19","278.60","4.08M","2.01%"
"2018년 08월 15일","281.12","278.30","303.85","277.91","5.17M","1.06%"
"2018년 08월 14일","278.19","284.00","284.00","250.84","5.96M","-2.05%"
"2018년 08월 13일","284.01","318.20","321.22","281.17","2.33M","-10.74%"
"2018년 08월 12일","318.18","317.63","327.51","314.71","1.52M","0.19%"
"2018년 08월 11일","317.59","331.78","332.52","305.19","2.16M","-4.29%"
"2018년 08월 10일","331.81","363.33","365.36","326.67","1.74M","-8.68%"
"2018년 08월 09일","363.34","355.48","369.74","351.07","1.42M","2.22%"
"2018년 08월 08일","355.44","378.29","380.15","348.98","2.05M","-6.03%"
"2018년 08월 07일","378.25","405.38","410.57","370.06","1.63M","-6.70%"
"2018년 08월 06일","405.40","408.81","413.40","401.66","1.02M","-0.84%"
"2018년 08월 05일","408.85","407.11","412.51","401.22","1.02M","0.43%"
"2018년 08월 04일","407.09","417.58","419.70","402.52","1.14M","-2.51%"
"2018년 08월 03일","417.58","411.00","419.74","398.10","1.43M","1.60%"
"2018년 08월 02일","411.00","420.33","424.51","408.21","1.32M","-2.21%"
"2018년 08월 01일","420.30","431.88","434.43","407.96","1.64M","-2.60%"
"2018년 07월 31일","431.50","456.65","457.33","427.81","1.52M","-5.51%"
"2018년 07월 30일","456.64","466.41","468.60","447.06","1.38M","-2.09%"
"2018년 07월 29일","466.41","468.89","471.78","462.04","1.04M","-0.51%"
"2018년 07월 28일","468.78","470.24","471.47","461.55","1.07M","-0.31%"
"2018년 07월 27일","470.23","462.79","473.58","457.36","1.17M","1.62%"
"2018년 07월 26일","462.75","472.03","484.59","460.61","1.11M","-1.97%"
"2018년 07월 25일","472.03","479.78","484.97","464.75","1.38M","-1.64%"
"2018년 07월 24일","479.88","450.58","484.30","449.44","1.59M","6.51%"
"2018년 07월 23일","450.56","459.02","470.37","448.14","1.32M","-1.84%"
"2018년 07월 22일","459.02","461.51","472.88","456.35","918.81K","-0.54%"
"2018년 07월 21일","461.52","449.44","468.95","443.04","972.66K","2.70%"
"2018년 07월 20일","449.38","469.48","469.74","441.74","1.52M","-4.28%"
"2018년 07월 19일","469.47","480.00","484.00","463.94","1.21M","-2.19%"
"2018년 07월 18일","480.00","499.86","515.20","470.91","1.52M","-3.97%"
"2018년 07월 17일","499.87","479.68","511.54","467.33","1.70M","4.18%"
"2018년 07월 16일","479.79","450.87","480.84","446.14","1.42M","6.43%"
"2018년 07월 15일","450.81","434.09","455.68","432.59","916.02K","3.85%"
"2018년 07월 14일","434.09","432.88","439.94","429.89","932.65K","0.29%"
"2018년 07월 13일","432.85","430.86","442.02","425.77","1.24M","0.47%"
"2018년 07월 12일","430.84","445.96","446.27","418.71","1.55M","-3.40%"
"2018년 07월 11일","445.99","432.67","447.62","425.60","1.05M","3.08%"
"2018년 07월 10일","432.67","471.77","473.36","429.39","1.62M","-8.24%"
"2018년 07월 09일","471.52","486.41","488.10","469.93","1.20M","-3.07%"
"2018년 07월 08일","486.45","485.40","494.03","482.24","2.16M","0.22%"
"2018년 07월 07일","485.40","469.91","486.18","464.29","1.62M","3.30%"
"2018년 07월 06일","469.90","468.47","474.58","455.05","1.75M","0.30%"
"2018년 07월 05일","468.47","467.58","478.59","459.68","1.74M","0.20%"
"2018년 07월 04일","467.52","461.90","480.69","453.94","1.28M","1.22%"
"2018년 07월 03일","461.89","475.73","483.93","460.63","1.72M","-2.90%"
"2018년 07월 02일","475.70","452.57","479.94","442.29","1.91M","5.11%"
"2018년 07월 01일","452.57","452.72","456.02","445.06","1.67M","-0.02%"
"2018년 06월 30일","452.67","434.92","457.49","433.46","1.82M","3.97%"
"2018년 06월 29일","435.37","421.23","441.29","406.12","1.78M","3.35%"
"2018년 06월 28일","421.27","442.16","443.32","418.62","1.66M","-4.73%"
"2018년 06월 27일","442.16","430.32","445.38","423.01","2.02M","2.75%"
"2018년 06월 26일","430.33","458.76","459.96","429.87","5.31M","-6.20%"
"2018년 06월 25일","458.76","454.81","472.54","437.08","4.41M","0.87%"
"2018년 06월 24일","454.81","474.14","475.74","419.56","2.64M","-4.08%"
"2018년 06월 23일","474.14","462.58","482.42","456.46","1.22M","2.50%"
"2018년 06월 22일","462.57","525.97","526.26","450.72","1.74M","-12.06%"
"2018년 06월 21일","526.01","536.31","544.71","522.47","774.03K","-1.92%"
"2018년 06월 20일","536.31","538.22","541.08","517.42","873.14K","-0.36%"
"2018년 06월 19일","538.22","517.91","547.50","514.88","985.96K","3.92%"
"2018년 06월 18일","517.91","496.47","523.95","489.16","842.05K","4.33%"
"2018년 06월 17일","496.43","496.95","507.19","494.73","604.79K","-0.10%"
"2018년 06월 16일","496.93","487.88","502.47","484.89","749.09K","1.86%"
"2018년 06월 15일","487.88","519.49","520.73","483.99","1.25M","-6.09%"
"2018년 06월 14일","519.49","476.17","525.21","461.62","1.70M","9.10%"
"2018년 06월 13일","476.17","494.60","501.64","450.67","1.56M","-3.70%"
"2018년 06월 12일","494.48","531.40","538.16","484.99","1.24M","-6.95%"
"2018년 06월 11일","531.42","524.64","535.63","510.29","1.21M","1.29%"
"2018년 06월 10일","524.64","593.80","593.82","503.43","1.49M","-11.65%"
"2018년 06월 09일","593.80","599.67","608.65","592.54","534.16K","-0.98%"
"2018년 06월 08일","599.67","604.71","608.32","593.74","622.54K","-0.83%"
"2018년 06월 07일","604.71","606.39","616.52","600.29","843.32K","-0.28%"
"2018년 06월 06일","606.39","608.83","611.63","593.98","700.74K","-0.40%"
"2018년 06월 05일","608.83","591.44","613.00","577.53","829.99K","2.94%"
"2018년 06월 04일","591.44","619.09","624.81","580.71","809.80K","-4.46%"
"2018년 06월 03일","619.08","591.33","627.51","590.81","764.93K","4.70%"
"2018년 06월 02일","591.30","579.34","598.78","574.80","808.42K","2.07%"
"2018년 06월 01일","579.30","577.87","589.55","565.69","861.91K","0.25%"
"2018년 05월 31일","577.87","557.96","586.15","554.96","922.24K","3.56%"
"2018년 05월 30일","557.98","566.86","584.90","543.16","1.06M","-1.56%"
"2018년 05월 29일","566.81","512.32","572.71","511.94","1.38M","10.64%"
"2018년 05월 28일","512.29","570.67","575.00","507.72","1.50M","-10.23%"
"2018년 05월 27일","570.69","586.63","591.48","558.44","892.94K","-2.74%"
"2018년 05월 26일","586.76","585.39","606.26","579.36","651.25K","0.24%"
"2018년 05월 25일","585.39","602.40","616.48","569.77","1.08M","-2.83%"
"2018년 05월 24일","602.43","577.52","609.39","547.39","1.56M","4.31%"
"2018년 05월 23일","577.55","642.02","649.85","564.74","1.78M","-10.06%"
"2018년 05월 22일","642.17","696.84","698.48","639.20","928.09K","-7.85%"
"2018년 05월 21일","696.85","716.02","718.06","694.07","590.69K","-2.68%"
"2018년 05월 20일","716.02","696.73","722.92","688.70","702.63K","2.77%"
"2018년 05월 19일","696.76","693.28","716.51","683.38","732.31K","0.50%"
"2018년 05월 18일","693.28","668.98","694.24","658.25","906.93K","3.63%"
"2018년 05월 17일","668.97","706.53","718.50","663.91","953.69K","-5.32%"
"2018년 05월 16일","706.53","705.73","710.49","667.51","978.18K","0.11%"
"2018년 05월 15일","705.73","727.06","738.71","696.63","1.03M","-2.93%"
"2018년 05월 14일","727.06","729.41","741.52","687.16","1.39M","-0.32%"
"2018년 05월 13일","729.37","684.77","739.67","669.20","1.01M","6.64%"
"2018년 05월 12일","683.94","676.97","689.83","635.23","1.34M","1.14%"
"2018년 05월 11일","676.21","724.36","736.58","665.81","1.63M","-6.65%"
"2018년 05월 10일","724.40","751.98","768.24","723.39","983.14K","-3.62%"
"2018년 05월 09일","751.62","747.98","759.71","711.49","1.07M","0.42%"
"2018년 05월 08일","748.48","759.35","761.43","721.49","1.14M","-0.74%"
"2018년 05월 07일","754.03","793.29","797.30","700.40","2.12M","-4.94%"
"2018년 05월 06일","793.19","818.75","838.26","755.09","1.16M","-3.07%"
"2018년 05월 05일","818.33","785.29","830.03","782.18","1.00M","4.22%"
"2018년 05월 04일","785.20","778.97","806.90","760.10","1.24M","0.80%"
"2018년 05월 03일","778.95","688.23","788.61","686.79","1.55M","13.19%"
"2018년 05월 02일","688.15","671.31","690.97","664.29","873.98K","2.52%"
"2018년 05월 01일","671.26","670.12","674.36","630.33","1.03M","0.18%"
"2018년 04월 30일","670.07","689.83","693.85","664.03","913.86K","-2.87%"
"2018년 04월 29일","689.90","683.49","700.05","669.15","856.12K","0.94%"
"2018년 04월 28일","683.49","643.96","693.79","640.92","871.55K","6.14%"
"2018년 04월 27일","643.97","661.65","685.54","641.84","1.06M","-2.78%"
"2018년 04월 26일","662.36","617.37","665.20","600.69","1.37M","7.29%"
"2018년 04월 25일","617.36","702.94","703.25","594.98","2.72M","-12.18%"
"2018년 04월 24일","703.02","644.08","711.74","644.05","1.48M","9.14%"
"2018년 04월 23일","644.13","622.01","648.58","619.81","859.64K","3.52%"
"2018년 04월 22일","622.23","605.58","643.58","591.78","1.02M","2.75%"
"2018년 04월 21일","605.59","617.10","623.86","574.73","1.23M","-1.86%"
"2018년 04월 20일","617.04","567.70","620.58","558.27","1.42M","8.73%"
"2018년 04월 19일","567.49","525.74","570.15","522.15","1.04M","7.96%"
"2018년 04월 18일","525.66","503.24","526.41","502.02","759.15K","4.47%"
"2018년 04월 17일","503.19","511.75","520.86","501.73","826.71K","-1.69%"
"2018년 04월 16일","511.82","533.89","537.32","498.87","1.03M","-4.14%"
"2018년 04월 15일","533.90","502.52","534.18","502.52","988.29K","6.24%"
"2018년 04월 14일","502.52","494.36","514.14","486.89","924.64K","1.83%"
"2018년 04월 13일","493.48","494.25","528.71","482.19","1.67M","-0.11%"
"2018년 04월 12일","494.03","430.13","498.13","414.07","1.86M","14.85%"
"2018년 04월 11일","430.14","415.43","433.25","412.35","827.17K","3.54%"
"2018년 04월 10일","415.45","399.04","417.84","391.81","709.22K","4.11%"
"2018년 04월 09일","399.05","400.67","430.85","388.05","1.30M","-0.41%"
"2018년 04월 08일","400.71","384.85","403.71","384.85","569.26K","4.12%"
"2018년 04월 07일","384.87","369.97","394.66","369.41","600.40K","4.03%"
"2018년 04월 06일","369.97","381.69","385.70","363.83","700.80K","-3.03%"
"2018년 04월 05일","381.52","378.62","386.91","367.21","903.27K","0.75%"
"2018년 04월 04일","378.68","415.58","416.38","371.35","1.12M","-8.87%"
"2018년 04월 03일","415.55","385.02","418.78","380.89","1.06M","7.92%"
"2018년 04월 02일","385.07","378.85","393.94","375.67","824.81K","1.67%"
"2018년 04월 01일","378.75","394.10","399.46","359.49","1.24M","-3.86%"
"2018년 03월 31일","393.96","393.75","419.07","390.09","1.21M","0.04%"
"2018년 03월 30일","393.79","384.13","411.17","366.12","1.96M","2.52%"
"2018년 03월 29일","384.12","446.86","449.33","380.85","2.01M","-14.03%"
"2018년 03월 28일","446.84","448.73","465.09","440.84","918.12K","-0.37%"
"2018년 03월 27일","448.48","485.97","491.77","446.70","1.31M","-7.72%"
"2018년 03월 26일","485.98","523.46","526.22","467.46","1.15M","-7.17%"
"2018년 03월 25일","523.50","520.44","535.11","513.05","495.85K","0.59%"
"2018년 03월 24일","520.45","543.15","545.15","520.05","554.62K","-4.23%"
"2018년 03월 23일","543.42","539.90","543.51","508.36","871.89K","0.66%"
"2018년 03월 22일","539.87","559.90","577.63","517.81","887.95K","-3.63%"
"2018년 03월 21일","560.24","557.09","589.83","545.87","1.01M","0.57%"
"2018년 03월 20일","557.08","555.75","566.63","517.02","1.16M","0.17%"
"2018년 03월 19일","556.16","536.72","558.33","516.31","1.46M","3.62%"
"2018년 03월 18일","536.72","549.96","559.19","454.90","2.56M","-2.46%"
"2018년 03월 17일","550.27","600.48","609.48","544.51","777.54K","-8.41%"
"2018년 03월 16일","600.79","610.36","625.34","585.84","695.58K","-1.53%"
"2018년 03월 15일","610.13","612.08","620.01","572.69","991.89K","-0.32%"
"2018년 03월 14일","612.09","689.67","702.53","587.10","990.48K","-11.24%"
"2018년 03월 13일","689.57","697.06","713.80","680.01","558.73K","-1.07%"
"2018년 03월 12일","697.04","720.12","739.25","678.27","664.59K","-3.20%"
"2018년 03월 11일","720.12","682.77","733.33","664.53","690.94K","5.51%"
"2018년 03월 10일","682.52","725.70","746.13","678.46","673.80K","-5.97%"
"2018년 03월 09일","725.89","698.91","728.83","644.46","1.13M","3.85%"
"2018년 03월 08일","698.96","750.09","772.23","689.41","850.15K","-6.80%"
"2018년 03월 07일","749.98","814.56","824.83","724.98","945.38K","-7.96%"
"2018년 03월 06일","814.88","850.00","851.72","803.90","578.56K","-4.16%"
"2018년 03월 05일","850.24","865.53","870.27","850.24","466.38K","-1.77%"
"2018년 03월 04일","865.53","855.91","867.35","838.06","444.49K","1.12%"
"2018년 03월 03일","855.91","855.46","868.51","853.45","407.54K","-0.02%"
"2018년 03월 02일","856.09","870.51","875.69","850.47","463.75K","-1.60%"
"2018년 03월 01일","870.04","852.44","879.53","848.41","514.50K","2.06%"
"2018년 02월 28일","852.49","871.58","888.06","850.84","550.74K","-2.17%"
"2018년 02월 27일","871.44","867.06","894.78","861.40","569.30K","0.51%"
"2018년 02월 26일","866.99","841.28","879.18","835.34","619.75K","3.11%"
"2018년 02월 25일","840.88","834.10","849.36","818.46","507.82K","0.78%"
"2018년 02월 24일","834.36","854.99","874.49","810.91","669.62K","-2.60%"
"2018년 02월 23일","856.65","803.56","882.61","787.95","868.36K","6.59%"
"2018년 02월 22일","803.66","838.97","878.14","789.92","849.82K","-4.22%"
"2018년 02월 21일","839.10","884.94","906.43","818.48","1.01M","-5.13%"
"2018년 02월 20일","884.51","940.04","959.41","877.65","788.97K","-5.91%"
"2018년 02월 19일","940.08","913.09","954.94","910.29","552.22K","2.95%"
"2018년 02월 18일","913.10","971.57","980.27","903.28","869.06K","-6.02%"
"2018년 02월 17일","971.54","937.35","972.86","934.49","648.32K","3.63%"
"2018년 02월 16일","937.50","927.34","945.68","907.33","662.76K","1.07%"
"2018년 02월 15일","927.56","919.53","945.99","902.56","952.23K","0.86%"
"2018년 02월 14일","919.67","841.38","922.38","840.82","993.86K","9.30%"
"2018년 02월 13일","841.38","865.72","868.92","822.98","733.53K","-2.80%"
"2018년 02월 12일","865.62","811.01","875.52","810.99","837.42K","6.81%"
"2018년 02월 11일","810.45","851.44","854.10","778.90","988.45K","-4.81%"
"2018년 02월 10일","851.39","877.88","908.26","816.72","1.05M","-3.01%"
"2018년 02월 09일","877.85","805.15","879.51","781.97","923.81K","9.00%"
"2018년 02월 08일","805.40","752.75","831.02","751.76","1.25M","6.93%"
"2018년 02월 07일","753.18","782.72","852.98","719.34","1.98M","-3.91%"
"2018년 02월 06일","783.83","696.75","797.94","568.78","4.29M","12.48%"
"2018년 02월 05일","696.86","828.49","859.72","634.64","2.99M","-15.98%"
"2018년 02월 04일","829.43","971.49","972.66","788.79","1.34M","-14.62%"
"2018년 02월 03일","971.49","920.93","997.51","850.38","1.07M","5.50%"
"2018년 02월 02일","920.85","1,033.02","1,036.17","766.82","3.03M","-10.90%"
"2018년 02월 01일","1,033.55","1,118.15","1,157.09","970.42","1.76M","-7.56%"
"2018년 01월 31일","1,118.08","1,072.17","1,126.87","1,028.03","990.74K","4.31%"
"2018년 01월 30일","1,071.90","1,174.36","1,178.92","1,042.90","1.42M","-8.77%"
"2018년 01월 29일","1,175.00","1,245.50","1,259.80","1,155.90","488.44K","-5.74%"
"2018년 01월 28일","1,246.60","1,114.70","1,264.80","1,109.00","662.74K","11.82%"
"2018년 01월 27일","1,114.80","1,046.90","1,125.30","1,031.60","370.17K","6.48%"
"2018년 01월 26일","1,047.00","1,048.20","1,078.60","983.00","485.47K","-0.11%"
"2018년 01월 25일","1,048.20","1,061.80","1,102.40","1,025.10","567.30K","-1.41%"
"2018년 01월 24일","1,063.20","982.11","1,068.80","952.04","606.14K","8.16%"
"2018년 01월 23일","982.98","995.26","1,022.00","905.38","798.28K","-1.22%"
"2018년 01월 22일","995.08","1,047.00","1,084.10","912.76","835.88K","-4.96%"
"2018년 01월 21일","1,047.00","1,146.30","1,146.30","1,001.50","691.69K","-8.64%"
"2018년 01월 20일","1,146.00","1,032.60","1,160.00","1,029.60","573.52K","10.98%"
"2018년 01월 19일","1,032.60","993.92","1,079.00","960.10","612.19K","3.80%"
"2018년 01월 18일","994.81","1,020.10","1,079.00","940.00","1.31M","-2.23%"
"2018년 01월 17일","1,017.50","1,019.60","1,088.30","770.10","2.40M","-0.25%"
"2018년 01월 16일","1,020.10","1,275.80","1,278.80","868.98","2.35M","-19.89%"
"2018년 01월 15일","1,273.40","1,349.90","1,377.90","1,264.40","481.87K","-5.67%"
"2018년 01월 14일","1,350.00","1,379.90","1,385.00","1,256.00","618.61K","-2.17%"
"2018년 01월 13일","1,380.00","1,257.00","1,423.20","1,252.60","709.74K","9.77%"
"2018년 01월 12일","1,257.20","1,135.10","1,285.00","1,083.40","732.33K","10.72%"
"2018년 01월 11일","1,135.50","1,245.90","1,331.80","1,102.50","1.26M","-9.01%"
"2018년 01월 10일","1,248.00","1,285.70","1,381.90","1,203.20","1.33M","-2.78%"
"2018년 01월 09일","1,283.70","1,129.40","1,299.00","1,119.10","1.04M","13.67%"
"2018년 01월 08일","1,129.30","1,115.90","1,225.00","968.12","1.54M","1.21%"
"2018년 01월 07일","1,115.80","1,004.30","1,116.00","999.50","699.39K","11.10%"
"2018년 01월 06일","1,004.30","962.77","1,014.20","951.38","447.26K","4.31%"
"2018년 01월 05일","962.77","939.30","1,023.60","930.00","1.04M","2.42%"
"2018년 01월 04일","940.00","942.01","997.00","893.24","1.22M","-0.21%"
"2018년 01월 03일","942.01","858.78","954.73","840.00","1.09M","9.69%"
"2018년 01월 02일","858.78","752.46","890.00","752.46","1.47M","14.13%"
"2018년 01월 01일","752.46","736.77","762.00","717.94","425.46K","2.13%"
"2017년 12월 31일","736.77","682.22","741.99","675.56","536.84K","8.00%"
"2017년 12월 30일","682.22","731.52","737.56","640.43","936.94K","-6.74%"
"2017년 12월 29일","731.52","711.42","755.00","703.02","716.87K","2.83%"
"2017년 12월 28일","711.42","736.45","740.30","652.00","893.82K","-3.40%"
"2017년 12월 27일","736.45","749.80","766.06","703.27","587.33K","-1.78%"
"2017년 12월 26일","749.80","709.81","749.80","708.83","521.74K","5.63%"
"2017년 12월 25일","709.81","659.89","737.00","651.76","764.73K","7.56%"
"2017년 12월 24일","659.89","672.59","675.00","560.00","1.09M","-1.89%"
"2017년 12월 23일","672.59","628.19","717.00","616.19","842.43K","7.07%"
"2017년 12월 22일","628.19","786.97","792.00","492.01","2.73M","-20.18%"
"2017년 12월 21일","786.97","794.99","848.08","747.10","1.20M","-1.01%"
"2017년 12월 20일","794.99","799.98","826.20","709.00","1.48M","-0.62%"
"2017년 12월 19일","799.98","783.99","863.00","750.01","1.81M","2.04%"
"2017년 12월 18일","783.99","708.78","798.90","660.00","1.47M","10.61%"
"2017년 12월 17일","708.78","683.25","725.00","683.24","737.16K","3.74%"
"2017년 12월 16일","683.25","678.29","711.96","672.51","703.29K","0.73%"
"2017년 12월 15일","678.29","686.51","698.31","610.00","1.26M","-1.20%"
"2017년 12월 14일","686.51","690.69","760.00","651.00","1.73M","-0.61%"
"2017년 12월 13일","690.69","634.87","742.00","573.00","2.40M","8.79%"
"2017년 12월 12일","634.87","515.25","646.92","497.75","1.49M","23.22%"
"2017년 12월 11일","515.25","429.24","531.20","429.14","784.74K","20.04%"
"2017년 12월 10일","429.24","460.92","460.92","413.30","875.79K","-6.87%"
"2017년 12월 09일","460.92","442.19","487.80","441.00","1.13M","4.24%"
"2017년 12월 08일","442.19","415.02","453.61","400.34","1.12M","6.55%"
"2017년 12월 07일","415.02","413.71","429.00","390.00","1.13M","0.32%"
"2017년 12월 06일","413.71","451.87","454.23","403.00","1.29M","-8.44%"
"2017년 12월 05일","451.87","465.00","467.38","444.17","656.34K","-2.82%"
"2017년 12월 04일","465.00","459.49","471.06","439.27","431.18K","1.20%"
"2017년 12월 03일","459.49","455.51","482.69","431.04","482.91K","0.87%"
"2017년 12월 02일","455.51","460.67","472.00","447.00","473.67K","-1.12%"
"2017년 12월 01일","460.67","432.21","467.00","413.96","594.10K","6.58%"
"2017년 11월 30일","432.21","420.34","454.95","385.40","785.98K","2.82%"
"2017년 11월 29일","420.34","465.56","517.00","403.01","801.26K","-9.71%"
"2017년 11월 28일","465.56","473.44","479.00","457.20","538.34K","-1.66%"
"2017년 11월 27일","473.44","464.00","491.89","458.25","671.20K","2.03%"
"2017년 11월 26일","464.00","464.00","464.00","464.00","-","0.00%"
"2017년 11월 25일","464.00","469.89","481.99","454.40","589.72K","-1.38%"
"2017년 11월 24일","470.51","405.19","478.50","397.37","903.70K","16.12%"
"2017년 11월 23일","405.19","380.48","426.27","374.34","925.00K","6.49%"
"2017년 11월 22일","380.48","360.00","381.89","358.80","486.17K","5.69%"
"2017년 11월 21일","360.00","367.94","373.50","350.00","696.99K","-2.16%"
"2017년 11월 20일","367.94","354.70","373.70","352.03","519.57K","3.73%"
"2017년 11월 19일","354.70","346.68","371.00","343.28","618.02K","2.31%"